{
  "cs1": {
    "main": {
      "coef": 0.0063713461300727026,
      "se": 0.009097785160999721,
      "t": 0.7003183761016158,
      "p": 0.48373374357688803,
      "n": 35732,
      "r2_within": 0.09736646105639546
    },
    "nocontrol": {
      "coef": 0.002676614450641403,
      "se": 0.008975570227785954,
      "t": 0.29821107547633285,
      "p": 0.7655437760076413,
      "n": 41471,
      "r2_within": -0.00032265202154979633
    },
    "event": {
      "-5": {
        "coef": -0.030048968687695854,
        "se": 0.028697308053972782
      },
      "-4": {
        "coef": -0.04333930107803844,
        "se": 0.03002156312663304
      },
      "-3": {
        "coef": 0.016046325496678164,
        "se": 0.027129780429321546
      },
      "-2": {
        "coef": -0.005085646254938606,
        "se": 0.020308909267721498
      },
      "-1": {
        "coef": 0.0,
        "se": 0.0
      },
      "0": {
        "coef": -0.005033564327144204,
        "se": 0.016616346789723548
      },
      "1": {
        "coef": -0.008523955557086176,
        "se": 0.01743366865309875
      },
      "2": {
        "coef": -0.0065388593489676215,
        "se": 0.018960189494333653
      },
      "3": {
        "coef": -0.002211266316369741,
        "se": 0.019837746335823518
      },
      "4": {
        "coef": 0.007559253620275135,
        "se": 0.020506327665664383
      },
      "5": {
        "coef": -0.003320024335180373,
        "se": 0.022394204116624433
      }
    },
    "het_SOE": {
      "coef": 0.023514560397452314,
      "se": 0.013819567401270376,
      "t": 1.7015409900088998,
      "p": 0.08886976918015654,
      "n": 12421,
      "r2_within": 0.12898038136192658
    },
    "het_nonSOE": {
      "coef": -0.005791708543111665,
      "se": 0.011849263118235854,
      "t": -0.4887821702767579,
      "p": 0.6250013591988122,
      "n": 23311,
      "r2_within": 0.10596363287559762
    }
  },
  "cs2": {
    "main": {
      "coef": 0.05960595157877034,
      "se": 0.011851234917898107,
      "t": 5.0295139697848334,
      "p": 4.930597310437435e-07,
      "n": 68279,
      "r2_within": 0.08761670193575355
    },
    "nocontrol": {
      "coef": 0.06953913810012963,
      "se": 0.011541155708009454,
      "t": 6.025318422129087,
      "p": 1.6964880611425315e-09,
      "n": 72536,
      "r2_within": -0.12527515822958746
    },
    "event": {
      "-5": {
        "coef": -0.04062425698660576,
        "se": 0.013212267578728955
      },
      "-4": {
        "coef": -0.03706904292954083,
        "se": 0.010015231559554798
      },
      "-3": {
        "coef": -0.0254041503920072,
        "se": 0.0072849316840126474
      },
      "-2": {
        "coef": -0.012312900023582882,
        "se": 0.0038896236908935408
      },
      "-1": {
        "coef": 0.0,
        "se": 0.0
      },
      "0": {
        "coef": 0.013100301100661927,
        "se": 0.0043215871070332494
      },
      "1": {
        "coef": 0.01298734286800072,
        "se": 0.005475528262838872
      },
      "2": {
        "coef": 0.020790669969666102,
        "se": 0.005853194138285231
      },
      "3": {
        "coef": 0.029259860590137587,
        "se": 0.006204582817070698
      },
      "4": {
        "coef": 0.034122374555608626,
        "se": 0.0071440307406843585
      },
      "5": {
        "coef": 0.050667412118050786,
        "se": 0.010824534627352604
      }
    }
  },
  "cs3": {
    "main": {
      "coef": -0.019373627708462886,
      "se": 0.0203564605646697,
      "t": -0.9517188730779358,
      "p": 0.34124696928979126,
      "n": 35691,
      "r2_within": 0.013531234691128935
    },
    "nocontrol": {
      "coef": 0.00078482098800563,
      "se": 0.019022244837492343,
      "t": 0.041258063636041974,
      "p": 0.9670903876350707,
      "n": 42182,
      "r2_within": 8.784443365317252e-05
    },
    "event": {
      "-5": {
        "coef": 0.05161393550584365,
        "se": 0.028500140971378884
      },
      "-4": {
        "coef": 0.04919127618571866,
        "se": 0.026336647078106085
      },
      "-3": {
        "coef": 0.06288573154659009,
        "se": 0.024045223651068155
      },
      "-2": {
        "coef": 0.04700185650992571,
        "se": 0.023135062324717685
      },
      "-1": {
        "coef": 0.0,
        "se": 0.0
      },
      "0": {
        "coef": 0.03489421768886016,
        "se": 0.02352208278831022
      },
      "1": {
        "coef": 0.04556395234400892,
        "se": 0.026757630177236227
      },
      "2": {
        "coef": 0.04034894831789716,
        "se": 0.027030735741693603
      },
      "3": {
        "coef": 0.05393997664165963,
        "se": 0.027916851269341864
      },
      "4": {
        "coef": 0.010656877059369775,
        "se": 0.029645333510847357
      },
      "5": {
        "coef": -0.013538618916350787,
        "se": 0.028850190362267224
      }
    }
  },
  "_meta": {
    "cs1_desc": "Low-carbon city pilot (staggered 2010/2012/2017) -> Ln(R&D). TWFE, SE clustered by firm.",
    "cs2_desc": "Green Credit Guidelines (2012) -> SA financing-constraint index. TWFE.",
    "cs3_desc": "National big-data pilot zone (2016+) -> Ln(1+AI patents). TWFE.",
    "controls": [
      "Size",
      "Lev",
      "ROA",
      "Growth",
      "Top1",
      "ListAge"
    ]
  }
}